Test#,DlogMin,DlogUnit,LGMin,LGUnit,CompareMin,,DlogMax,DlogUnit,LGMax,LGUnit,CompareMax
1001010,-524.593,mV,-524.5932,mV,,,0.1,mV,0.1,mV,
1001050,-932.261,mV,-932.2607,mV,,,0.1,mV,0.1,mV,
1001020,-846.502,mV,-846.5018,mV,,,0.1,mV,0.1,mV,
1001170,-657.115,mV,-657.1147,mV,,,0.1,mV,0.1,mV,
1001030,-483.915,mV,-483.9147,mV,,,0.1,mV,0.1,mV,
1001110,-480.817,mV,-480.817,mV,,,0.1,mV,0.1,mV,
1001140,-736.78,mV,-736.7801,mV,,,0.1,mV,0.1,mV,
1001130,-830.596,mV,-830.5961,mV,,,0.1,mV,0.1,mV,
1001150,-617.234,mV,-617.234,mV,,,0.1,mV,0.1,mV,
1001160,-923.944,mV,-923.9445,mV,,,0.1,mV,0.1,mV,
1001090,-410.566,mV,-410.5662,mV,,,0.1,mV,0.1,mV,
1001070,-367.818,mV,-367.8177,mV,,,0.1,mV,0.1,mV,
1001190,-0.1,mV,-0.1,mV,,,539.742,mV,539.7418,mV,
1001210,-0.1,mV,-0.1,mV,,,729.629,mV,729.6294,mV,
1001220,-0.1,mV,-0.1,mV,,,738.256,mV,738.2561,mV,
1001230,1233.887,mV,1233.887,mV,,,2911.423,mV,2911.423,mV,
1001490,1226.717,mV,1226.717,mV,,,2895.322,mV,2895.322,mV,
1001500,-0.1,mV,-0.1,mV,,,1009.663,mV,1009.663,mV,
1001510,-0.1,mV,-0.1,mV,,,896.366,mV,896.3657,mV,
1001101,-801.95,mV,-801.9504,mV,,,0.1,mV,0.1,mV,
1001031,-804.664,mV,-804.6645,mV,,,0.1,mV,0.1,mV,
1001240,-524.779,mV,-524.7794,mV,,,-215.126,mV,-215.1265,mV,
1001280,-932.718,mV,-932.7175,mV,,,-385.219,mV,-385.2188,mV,
1001250,-845.198,mV,-845.1982,mV,,,-303.356,mV,-303.3563,mV,
1001400,-656.213,mV,-656.2128,mV,,,-216.603,mV,-216.6028,mV,
1001260,-484.284,mV,-484.284,mV,,,-196.863,mV,-196.8634,mV,
1001340,-478.439,mV,-478.4388,mV,,,-172.928,mV,-172.928,mV,
1001370,-736.745,mV,-736.7451,mV,,,-294.893,mV,-294.8932,mV,
1001360,-828.389,mV,-828.3887,mV,,,-343.552,mV,-343.5516,mV,
1001380,-615.739,mV,-615.7385,mV,,,-197.443,mV,-197.4433,mV,
1001390,-925.495,mV,-925.495,mV,,,-389.716,mV,-389.7156,mV,
1001320,-412.894,mV,-412.894,mV,,,-132.375,mV,-132.3754,mV,
1001300,-368.707,mV,-368.707,mV,,,-143.691,mV,-143.6912,mV,
1001420,203.713,mV,203.7129,mV,,,538.642,mV,538.6416,mV,
1001440,283.907,mV,283.9066,mV,,,728.867,mV,728.8666,mV,
1001450,286.636,mV,286.6358,mV,,,736.539,mV,736.5395,mV,
1001460,1233.921,mV,1233.921,mV,,,2911.301,mV,2911.301,mV,
1001540,1226.983,mV,1226.983,mV,,,2895.457,mV,2895.457,mV,
1001550,426.376,mV,426.3755,mV,,,1011.372,mV,1011.372,mV,
1001560,378.184,mV,378.1835,mV,,,898.848,mV,898.848,mV,
1001601,-802.646,mV,-802.6461,mV,,,-334.006,mV,-334.0056,mV,
1001531,-802.501,mV,-802.5006,mV,,,-337.079,mV,-337.0785,mV,
1001570,-7.0,mV,-7.0,mV,,,7.0,mV,7.0,mV,
1001580,9.8,mA,9.8,mA,,,10.2,mA,10.2,mA,
1001610,-600.0,mV,-600.0,mV,,,-100.0,mV,-100.0,mV,
1001620,-600.0,mV,-600.0,mV,,,-100.0,mV,-100.0,mV,
1001630,-7.0,mV,-7.0,mV,,,7.0,mV,7.0,mV,
1001640,-600.0,mV,-600.0,mV,,,-150.0,mV,-150.0,mV,
1001650,-600.0,mV,-600.0,mV,,,-150.0,mV,-150.0,mV,
1001660,-600.0,mV,-600.0,mV,,,-150.0,mV,-150.0,mV,
1001720,-529.518,mV,-529.5177,mV,,,0.1,mV,0.1,mV,
1001730,-0.1,mV,-0.1,mV,,,394.695,mV,394.6951,mV,
1001750,-527.639,mV,-527.6391,mV,,,-198.661,mV,-198.6611,mV,
1001760,155.412,mV,155.4118,mV,,,392.159,mV,392.1587,mV,
1003246,0.0,mV,0.0,mV,,,400.0,mV,400.0,mV,
1003247,0.0,none,0.0,none,,,0.0,none,0.0,none,
1003251,nan,nan,-3.4028199999999998e+38,none,,,nan,nan,3.4028230000000003e+38,none,
1003252,nan,nan,-3.4028199999999998e+38,none,,,nan,nan,3.4028230000000003e+38,none,
1003253,nan,nan,-3.4028199999999998e+38,none,,,nan,nan,3.4028230000000003e+38,none,
1003254,nan,nan,-3.4028199999999998e+38,none,,,nan,nan,3.4028230000000003e+38,none,
1003255,nan,nan,-3.4028199999999998e+38,none,,,nan,nan,3.4028230000000003e+38,none,
1003000,-500.0,mV,-500.0,mV,,,-50.0,mV,-50.0,mV,
1003006,1.422,V,1.422,V,,,1.85,V,1.85,V,
1003016,1.78,V,1.78,V,,,1.83,V,1.83,V,
1003010,4.0,mA,4.0,mA,,,9.0,mA,9.0,mA,
1003020,50.0,uA,50.0,uA,,,370.0,uA,370.0,uA,
1003025,4.0,mA,4.0,mA,,,9.4,mA,9.4,mA,
1003030,-1.0,uA,-1.0,uA,,,200.0,uA,200.0,uA,
1003540,4.0,mA,4.0,mA,,,9.0,mA,9.0,mA,
1003550,4.0,mA,4.0,mA,,,9.0,mA,9.0,mA,
1003060,-1.0,uA,-1.0,uA,,,100.0,uA,100.0,uA,
1003070,-1.0,uA,-1.0,uA,,,300.0,uA,300.0,uA,
1003310,4.0,mA,4.0,mA,,,9.5,mA,9.5,mA,
1003330,10.0,uA,10.0,uA,,,300.0,uA,300.0,uA,
1003335,4.0,mA,4.0,mA,,,9.5,mA,9.5,mA,
1003320,73.0,uA,73.0,uA,,,200.0,uA,200.0,uA,
1003410,4.0,mA,4.0,mA,,,9.5,mA,9.5,mA,
1003430,0.01,uA,0.01,uA,,,300.0,uA,300.0,uA,
1003420,73.0,uA,73.0,uA,,,200.0,uA,200.0,uA,
1003435,4.0,mA,4.0,mA,,,9.5,mA,9.5,mA,
1003440,4.0,mA,4.0,mA,,,9.5,mA,9.5,mA,
1003460,-26.2,uA,-26.2,uA,,,-6.2,uA,-6.2,uA,
1003450,100.0,uA,100.0,uA,,,537.0,uA,537.0,uA,
1003455,4.0,mA,4.0,mA,,,9.5,mA,9.5,mA,
1003610,-150.0,nA,-150.0,nA,,,150.0,nA,150.0,nA,
1003611,-150.0,nA,-150.0,nA,,,150.0,nA,150.0,nA,
1003612,-150.0,nA,-150.0,nA,,,150.0,nA,150.0,nA,
1003613,-150.0,nA,-150.0,nA,,,150.0,nA,150.0,nA,
1003620,-550.0,uA,-550.0,uA,,,-100.0,uA,-100.0,uA,
1003630,-550.0,uA,-550.0,uA,,,-100.0,uA,-100.0,uA,
1003640,-550.0,uA,-550.0,uA,,,-100.0,uA,-100.0,uA,
1003710,-150.0,nA,-150.0,nA,,,165.0,nA,165.0,nA,
1003720,-150.0,nA,-150.0,nA,,,165.0,nA,165.0,nA,
1003730,-150.0,nA,-150.0,nA,,,150.0,nA,150.0,nA,
1003740,-150.0,nA,-150.0,nA,,,150.0,nA,150.0,nA,
1002010,-375.842,mV,-375.8424,mV,,,-149.641,mV,-149.6407,mV,
1002030,-16.038,uA,-16.03828,uA,,,-1.892,uA,-1.891781,uA,
1002035,1.313,mA,1.313184,mA,,,2.564,mA,2.563898,mA,
1002040,-81.605,nA,-81.60538,nA,,,985.568,nA,985.5683,nA,
1002041,-57.949,nA,-57.94868,nA,,,629.027,nA,629.0274,nA,
1002042,44.731,nA,44.73081,nA,,,3341.766,nA,3341.766,nA,
1002045,0.262,uA,0.2623574,uA,,,34.219,uA,34.21909,uA,
1002050,-11.901,nA,-11.9009,nA,,,281.396,nA,281.3963,nA,
1002060,-120.0,nA,-78.46606,nA,X,,799.569,nA,799.5689,nA,
1002070,-39.492,nA,-39.4917,nA,,,12.0,nA,1.272,nA,X
1002080,-262.683,nA,-262.6828,nA,,,140.93,nA,140.9295,nA,
1002090,-19.413,nA,-19.41325,nA,,,563.039,nA,563.0388,nA,
1002110,-50.0,mV,-50.0,mV,,,50.0,mV,50.0,mV,
1002130,-9.316,uA,-9.316317,uA,,,-4.512,uA,-4.512478,uA,
1002135,1.313,mA,1.313096,mA,,,2.564,mA,2.563798,mA,
1002140,-35.174,nA,-35.17402,nA,,,625.077,nA,625.0774,nA,
1002141,-20.635,nA,-20.63515,nA,,,303.159,nA,303.159,nA,
1002142,-7.612,uA,-7.612062,uA,,,84.997,uA,84.99745,uA,
1002145,0.261,uA,0.2608731,uA,,,34.187,uA,34.18696,uA,
1002150,-13.422,nA,-13.42161,nA,,,253.412,nA,253.412,nA,
1002160,-48.685,nA,-48.68519,nA,,,647.069,nA,647.0691,nA,
1002170,-38.647,nA,-38.64738,nA,,,-2.068,nA,-2.06799,nA,
1002210,11.98,V,11.98,V,,,12.01,V,12.01,V,
1002230,-16.039,uA,-16.03926,uA,,,-1.892,uA,-1.89215,uA,
1002235,1.1,mA,1.099961,mA,,,2.808,mA,2.808101,mA,
1002240,-59.315,nA,-59.31503,nA,,,698.88,nA,698.8803,nA,
1002241,-58.265,nA,-58.26548,nA,,,607.114,nA,607.1145,nA,
1002242,-75.352,nA,-75.35198,nA,,,2781.81,nA,2781.81,nA,
1002245,0.235,uA,0.2351592,uA,,,35.11,uA,35.11031,uA,
1002250,-0.057,uA,-0.05725062,uA,,,0.774,uA,0.7742968,uA,
1002260,43.116,nA,43.11575,nA,,,874.63,nA,874.6301,nA,
1002270,-20.249,nA,-20.24937,nA,,,12.0,nA,-4.717664,nA,X
1002280,-8.667,uA,-8.667348,uA,,,46.261,uA,46.26078,uA,
1004510,0.0,none,0.0,one,,,0.0,none,0.0,one,
1004530,0.0,none,0.0,one,,,0.0,none,0.0,one,
1004570,0.0,none,0.0,one,,,0.0,none,0.0,one,
220020,0.0,none,0.0,one,,,0.0,none,0.0,one,
220030,0.0,none,0.0,one,,,138.0,none,138.0,one,
220050,1.0,none,1.0,none,,,1.0,none,1.0,none,
220060,1.0,none,1.0,none,,,1.0,none,1.0,none,
220070,1.0,none,1.0,none,,,1.0,none,1.0,none,
2000000,0.0,none,0.0,one,,,255.0,none,255.0,one,
2000001,0.0,none,0.0,one,,,255.0,none,255.0,one,
2000002,0.0,none,0.0,one,,,255.0,none,255.0,one,
2000003,0.0,none,0.0,one,,,255.0,none,255.0,one,
2000004,0.0,none,0.0,one,,,255.0,none,255.0,one,
2000005,0.0,none,0.0,one,,,255.0,none,255.0,one,
2000006,0.0,none,0.0,one,,,255.0,none,255.0,one,
2000007,0.0,none,0.0,one,,,255.0,none,255.0,one,
2000008,0.0,none,0.0,one,,,255.0,none,255.0,one,
2000009,0.0,none,0.0,one,,,255.0,none,255.0,one,
2000010,0.0,none,0.0,one,,,255.0,none,255.0,one,
2000011,0.0,none,0.0,one,,,255.0,none,255.0,one,
2000012,0.0,none,0.0,one,,,255.0,none,255.0,one,
2000013,0.0,none,0.0,one,,,255.0,none,255.0,one,
2000014,0.0,none,0.0,one,,,255.0,none,255.0,one,
2000015,0.0,none,0.0,one,,,255.0,none,255.0,one,
2000016,0.0,none,0.0,one,,,255.0,none,255.0,one,
2000017,0.0,none,0.0,one,,,255.0,none,255.0,one,
2000018,0.0,none,0.0,one,,,255.0,none,255.0,one,
2000019,0.0,none,0.0,one,,,255.0,none,255.0,one,
2000020,0.0,none,0.0,one,,,255.0,none,255.0,one,
2000021,0.0,none,0.0,one,,,255.0,none,255.0,one,
2000022,0.0,none,0.0,one,,,255.0,none,255.0,one,
2000023,0.0,none,0.0,one,,,255.0,none,255.0,one,
2000024,0.0,none,0.0,one,,,255.0,none,255.0,one,
2000025,0.0,none,0.0,one,,,255.0,none,255.0,one,
2000026,0.0,none,0.0,one,,,255.0,none,255.0,one,
2000027,0.0,none,0.0,one,,,255.0,none,255.0,one,
2000028,0.0,none,0.0,one,,,255.0,none,255.0,one,
2000029,0.0,none,0.0,one,,,255.0,none,255.0,one,
2000030,0.0,none,0.0,one,,,255.0,none,255.0,one,
2000031,0.0,none,0.0,one,,,255.0,none,255.0,one,
2000032,0.0,none,0.0,one,,,255.0,none,255.0,one,
2000033,0.0,none,0.0,one,,,255.0,none,255.0,one,
2000034,0.0,none,0.0,one,,,255.0,none,255.0,one,
2000035,0.0,none,0.0,one,,,255.0,none,255.0,one,
2000036,0.0,none,0.0,one,,,255.0,none,255.0,one,
2000037,0.0,none,0.0,one,,,255.0,none,255.0,one,
2000038,0.0,none,0.0,one,,,255.0,none,255.0,one,
2000039,0.0,none,0.0,one,,,255.0,none,255.0,one,
2000040,0.0,none,0.0,one,,,255.0,none,255.0,one,
2000041,0.0,none,0.0,one,,,255.0,none,255.0,one,
2000042,0.0,none,0.0,one,,,255.0,none,255.0,one,
2000043,0.0,none,0.0,one,,,255.0,none,255.0,one,
2000044,0.0,none,0.0,one,,,255.0,none,255.0,one,
2000045,0.0,none,0.0,one,,,255.0,none,255.0,one,
2000046,0.0,none,0.0,one,,,255.0,none,255.0,one,
2000047,0.0,none,0.0,one,,,255.0,none,255.0,one,
230020,0.0,none,0.0,one,,,1.0,none,1.0,one,
240020,0.0,none,0.0,one,,,0.0,none,0.0,one,
240050,1.0,none,1.0,none,,,1.0,none,1.0,none,
240060,1.0,none,1.0,none,,,1.0,none,1.0,none,
240070,1.0,none,1.0,none,,,1.0,none,1.0,none,
2100000,0.0,none,0.0,one,,,255.0,none,255.0,one,
2100001,128.0,none,128.0,one,,,255.0,none,255.0,one,
2100002,0.0,none,0.0,one,,,255.0,none,255.0,one,
2100003,64.0,none,0.0,one,X,,255.0,none,255.0,one,
2100004,0.0,none,0.0,one,,,255.0,none,255.0,one,
2100005,203.0,none,203.0,one,,,255.0,none,255.0,one,
2100006,84.0,none,84.0,one,,,255.0,none,255.0,one,
2100007,0.0,none,0.0,one,,,255.0,none,255.0,one,
2100008,0.0,none,0.0,one,,,255.0,none,255.0,one,
2100009,0.0,none,0.0,one,,,255.0,none,255.0,one,
2100010,0.0,none,0.0,one,,,255.0,none,255.0,one,
2100011,128.0,none,0.0,one,X,,255.0,none,255.0,one,
2100012,128.0,none,0.0,one,X,,255.0,none,255.0,one,
2100013,0.0,none,0.0,one,,,255.0,none,255.0,one,
2100014,0.0,none,0.0,one,,,255.0,none,255.0,one,
2100015,0.0,none,0.0,one,,,255.0,none,255.0,one,
2100016,0.0,none,0.0,one,,,255.0,none,255.0,one,
2100017,0.0,none,0.0,one,,,255.0,none,255.0,one,
2100018,0.0,none,0.0,one,,,255.0,none,255.0,one,
2100019,0.0,none,0.0,one,,,255.0,none,255.0,one,
2100020,0.0,none,0.0,one,,,255.0,none,255.0,one,
2100021,15.0,none,0.0,one,X,,255.0,none,255.0,one,
2100022,44.0,none,0.0,one,X,,255.0,none,255.0,one,
2100023,15.0,none,0.0,one,X,,255.0,none,255.0,one,
2100024,60.0,none,0.0,one,X,,255.0,none,255.0,one,
2100025,159.0,none,0.0,one,X,,255.0,none,255.0,one,
2100026,61.0,none,0.0,one,X,,255.0,none,255.0,one,
2100027,159.0,none,0.0,one,X,,255.0,none,255.0,one,
2100028,77.0,none,0.0,one,X,,255.0,none,255.0,one,
2100029,159.0,none,0.0,one,X,,255.0,none,255.0,one,
2100030,93.0,none,0.0,one,X,,255.0,none,255.0,one,
2100031,159.0,none,9.0,one,X,,255.0,none,255.0,one,
2100032,125.0,none,0.0,one,X,,255.0,none,255.0,one,
2100033,32.0,none,160.0,one,X,,255.0,none,255.0,one,
2100034,160.0,none,160.0,one,,,255.0,none,255.0,one,
2100035,10.0,none,10.0,one,,,255.0,none,255.0,one,
2100036,62.0,none,62.0,one,,,255.0,none,255.0,one,
2100037,2.0,none,2.0,one,,,255.0,none,255.0,one,
2100038,144.0,none,144.0,one,,,255.0,none,255.0,one,
2100039,10.0,none,75.0,one,X,,255.0,none,255.0,one,
2100040,71.0,none,71.0,one,,,255.0,none,255.0,one,
2100041,72.0,none,64.0,one,X,,255.0,none,255.0,one,
2100042,2.0,none,2.0,one,,,255.0,none,255.0,one,
2100043,160.0,none,160.0,one,,,255.0,none,255.0,one,
2100044,192.0,none,0.0,one,X,,255.0,none,255.0,one,
2100045,0.0,none,0.0,one,,,255.0,none,255.0,one,
2100046,128.0,none,0.0,one,X,,255.0,none,255.0,one,
2100047,94.0,none,62.0,one,X,,255.0,none,255.0,one,
250010,0.0,none,0.0,one,,,0.0,none,0.0,one,
250020,0.0,none,0.0,one,,,5.0,none,5.0,one,
250030,nan,nan,-3.4028199999999998e+38,one,,,nan,nan,3.4028230000000003e+38,one,
250040,nan,nan,-3.4028199999999998e+38,one,,,nan,nan,3.4028230000000003e+38,one,
250050,nan,nan,-3.4028199999999998e+38,one,,,nan,nan,3.4028230000000003e+38,one,
250060,nan,nan,-3.4028199999999998e+38,one,,,nan,nan,3.4028230000000003e+38,one,
250070,nan,nan,-3.4028199999999998e+38,one,,,nan,nan,3.4028230000000003e+38,one,
1100040,1207.28,mV,1207.28,mV,,,1210.22,mV,1210.22,mV,
1100140,1248.5,mV,1248.5,mV,,,1251.5,mV,1251.5,mV,
1100142,nan,nan,1248.5,mV,,,nan,nan,1251.5,mV,
1100141,nan,nan,1248.5,mV,,,nan,nan,1251.5,mV,
1101040,9.97,uA,9.97,uA,,,10.03,uA,10.03,uA,
1101060,9.96,uA,9.96,uA,,,10.04,uA,10.04,uA,
1101050,9.96,uA,9.96,uA,,,10.04,uA,10.04,uA,
1102040,360.0,KHz,360.0,kHZ,,,390.5,KHz,390.5,kHZ,
1102060,358.5,KHz,358.5,kHz,,,391.5,KHz,391.5,kHz,
1102050,358.5,KHz,358.5,kHz,,,391.5,KHz,391.5,kHz,
1110040,1.456,KOhm,1.456,kOhms,X,,1.74,KOhm,1.74,kOhms,X
1220050,7.62,KOhm,7.62,kOhm,,,8.03,KOhm,8.03,kOhm,
1250040,1448.0,mV,1448.0,mV,,,1452.0,mV,1452.0,mV,
1240040,199.1,mV,199.1,mV,,,200.9,mV,200.9,mV,
1260040,862.0,mV,862.0,mV,,,934.0,mV,934.0,mV,
1516200,-13.5,uA,-13.5,uA,,,-4.0,uA,-4.0,uA,
1260050,11.65,V,11.65,V,,,12.35,V,12.35,V,
1201070,498.0,mV,498.0,mV,,,502.0,mV,502.0,mV,
1201170,495.0,mV,495.0,mV,,,505.0,mV,505.0,mV,
1201110,495.0,mV,495.0,mV,,,505.0,mV,505.0,mV,
1201150,495.0,mV,495.0,mV,,,505.0,mV,505.0,mV,
1201160,495.0,mV,495.0,mV,,,505.0,mV,505.0,mV,
1201130,495.0,mV,495.0,mV,,,505.0,mV,505.0,mV,
1201180,495.0,mV,495.0,mV,,,505.0,mV,505.0,mV,
1203070,498.0,mV,498.0,mV,,,502.0,mV,502.0,mV,
1201080,697.2,mV,697.2,mV,,,702.8,mV,702.8,mV,
1203170,495.0,mV,495.0,mV,,,505.0,mV,505.0,mV,
1203110,498.0,mV,498.0,mV,,,502.0,mV,502.0,mV,
1203150,498.0,mV,498.0,mV,,,502.0,mV,502.0,mV,
1203160,498.0,mV,498.0,mV,,,502.0,mV,502.0,mV,
1203130,498.0,mV,498.0,mV,,,502.0,mV,502.0,mV,
1203180,498.0,mV,498.0,mV,,,502.0,mV,502.0,mV,
1203210,397.6,mV,397.6,mV,,,402.4,mV,402.4,mV,
1203220,397.6,mV,397.6,mV,,,402.4,mV,402.4,mV,
1203230,597.21,mV,597.21,mV,,,602.01,mV,602.01,mV,
1203240,597.21,mV,597.21,mV,,,602.01,mV,602.01,mV,
1203250,695.8,mV,695.8,mV,,,704.2,mV,704.2,mV,
1203260,695.8,mV,695.8,mV,,,704.2,mV,704.2,mV,
1203270,795.2,mV,795.2,mV,,,804.8,mV,804.8,mV,
1203280,795.2,mV,795.2,mV,,,804.8,mV,804.8,mV,
1203212,396.0,mV,396.0,mV,,,404.0,mV,404.0,mV,
1203222,396.0,mV,396.0,mV,,,404.0,mV,404.0,mV,
1203272,795.63,mV,795.63,mV,,,805.0,mV,805.0,mV,
1203282,795.63,mV,795.63,mV,,,805.0,mV,805.0,mV,
1203211,396.0,mV,396.0,mV,,,404.0,mV,404.0,mV,
1203221,396.0,mV,396.0,mV,,,404.0,mV,404.0,mV,
1203271,795.63,mV,795.63,mV,,,805.0,mV,805.0,mV,
1203281,795.63,mV,795.63,mV,,,805.0,mV,805.0,mV,
1612001,396.387,mV,397.9882,mV,X,,404.395,mV,402.7929,mV,X
1612002,398.32,mV,399.9296,mV,X,,406.367,mV,404.7578,mV,X
1612003,400.254,mV,401.871,mV,X,,408.34,mV,406.7226,mV,X
1612004,402.187,mV,403.8125,mV,X,,410.313,mV,408.6875,mV,X
1612005,404.121,mV,405.7539,mV,X,,412.285,mV,410.6523,mV,X
1612006,406.055,mV,407.6953,mV,X,,414.258,mV,412.6171,mV,X
1612007,407.988,mV,409.6367,mV,X,,416.23,mV,414.582,mV,X
1612008,409.922,mV,411.5781,mV,X,,418.203,mV,416.5468,mV,X
1612009,411.855,mV,413.5195,mV,X,,420.176,mV,418.5117,mV,X
1612010,413.789,mV,415.4609,mV,X,,422.148,mV,420.4765,mV,X
1612011,415.723,mV,417.4023,mV,X,,424.121,mV,422.4414,mV,X
1612012,417.656,mV,419.3437,mV,X,,426.094,mV,424.4062,mV,X
1612013,419.59,mV,421.2851,mV,X,,428.066,mV,426.371,mV,X
1612014,421.523,mV,423.2265,mV,X,,430.039,mV,428.3359,mV,X
1612015,423.457,mV,425.1679,mV,X,,432.012,mV,430.3007,mV,X
1612016,425.391,mV,427.1093,mV,X,,433.984,mV,432.2656,mV,X
1612017,427.324,mV,429.0507,mV,X,,435.957,mV,434.2304,mV,X
1612018,429.258,mV,430.9921,mV,X,,437.93,mV,436.1953,mV,X
1612019,431.191,mV,432.9335,mV,X,,439.902,mV,438.1601,mV,X
1612020,433.125,mV,434.875,mV,X,,441.875,mV,440.125,mV,X
1612021,435.059,mV,436.8164,mV,X,,443.848,mV,442.0898,mV,X
1612022,436.992,mV,438.7578,mV,X,,445.82,mV,444.0546,mV,X
1612023,438.926,mV,440.6992,mV,X,,447.793,mV,446.0195,mV,X
1612024,440.859,mV,442.6406,mV,X,,449.766,mV,447.9843,mV,X
1612025,442.793,mV,444.582,mV,X,,451.738,mV,449.9492,mV,X
1612026,444.727,mV,446.5234,mV,X,,453.711,mV,451.914,mV,X
1612027,446.66,mV,448.4648,mV,X,,455.684,mV,453.8789,mV,X
1612028,448.594,mV,450.4062,mV,X,,457.656,mV,455.8437,mV,X
1612029,450.527,mV,452.3476,mV,X,,459.629,mV,457.8085,mV,X
1612030,452.461,mV,454.289,mV,X,,461.602,mV,459.7734,mV,X
1612031,454.395,mV,456.2304,mV,X,,463.574,mV,461.7382,mV,X
1612032,456.328,mV,458.1718,mV,X,,465.547,mV,463.7031,mV,X
1612033,458.262,mV,460.1132,mV,X,,467.52,mV,465.6679,mV,X
1612034,460.195,mV,462.0546,mV,X,,469.492,mV,467.6328,mV,X
1612035,462.129,mV,463.996,mV,X,,471.465,mV,469.5976,mV,X
1612036,464.063,mV,465.9375,mV,X,,473.437,mV,471.5625,mV,X
1612037,465.996,mV,467.8789,mV,X,,475.41,mV,473.5273,mV,X
1612038,467.93,mV,469.8203,mV,X,,477.383,mV,475.4921,mV,X
1612039,469.863,mV,471.7617,mV,X,,479.355,mV,477.457,mV,X
1612040,471.797,mV,473.7031,mV,X,,481.328,mV,479.4218,mV,X
1612041,473.73,mV,475.6445,mV,X,,483.301,mV,481.3867,mV,X
1612042,475.664,mV,477.5859,mV,X,,485.273,mV,483.3515,mV,X
1612043,477.598,mV,479.5273,mV,X,,487.246,mV,485.3164,mV,X
1612044,479.531,mV,481.4687,mV,X,,489.219,mV,487.2812,mV,X
1612045,481.465,mV,483.4101,mV,X,,491.191,mV,489.246,mV,X
1612046,483.398,mV,485.3515,mV,X,,493.164,mV,491.2109,mV,X
1612047,485.332,mV,487.2929,mV,X,,495.137,mV,493.1757,mV,X
1612048,487.266,mV,489.2343,mV,X,,497.109,mV,495.1406,mV,X
1612049,489.199,mV,491.1757,mV,X,,499.082,mV,497.1054,mV,X
1612050,491.133,mV,493.1171,mV,X,,501.055,mV,499.0703,mV,X
1612051,493.066,mV,495.0585,mV,X,,503.027,mV,501.0351,mV,X
1612052,495.0,mV,497.0,mV,X,,505.0,mV,503.0,mV,X
1612053,496.934,mV,498.9414,mV,X,,506.973,mV,504.9648,mV,X
1612054,498.867,mV,500.8828,mV,X,,508.945,mV,506.9296,mV,X
1612055,500.801,mV,502.8242,mV,X,,510.918,mV,508.8945,mV,X
1612056,502.734,mV,504.7656,mV,X,,512.891,mV,510.8593,mV,X
1612057,504.668,mV,506.707,mV,X,,514.863,mV,512.8242,mV,X
1612058,506.602,mV,508.6484,mV,X,,516.836,mV,514.789,mV,X
1612059,508.535,mV,510.5898,mV,X,,518.809,mV,516.7539,mV,X
1612060,510.469,mV,512.5312,mV,X,,520.781,mV,518.7187,mV,X
1612061,512.402,mV,514.4726,mV,X,,522.754,mV,520.6835,mV,X
1612062,514.336,mV,516.414,mV,X,,524.727,mV,522.6484,mV,X
1612063,516.27,mV,518.3554,mV,X,,526.699,mV,524.6132,mV,X
1612064,518.203,mV,520.2968,mV,X,,528.672,mV,526.5781,mV,X
1612065,520.137,mV,522.2382,mV,X,,530.645,mV,528.5429,mV,X
1612066,522.07,mV,524.1796,mV,X,,532.617,mV,530.5078,mV,X
1612067,524.004,mV,526.121,mV,X,,534.59,mV,532.4726,mV,X
1612068,525.937,mV,528.0625,mV,X,,536.563,mV,534.4375,mV,X
1612069,527.871,mV,530.0039,mV,X,,538.535,mV,536.4023,mV,X
1612070,529.805,mV,531.9453,mV,X,,540.508,mV,538.3671,mV,X
1612071,531.738,mV,533.8867,mV,X,,542.48,mV,540.332,mV,X
1612072,533.672,mV,535.8281,mV,X,,544.453,mV,542.2968,mV,X
1612073,535.605,mV,537.7695,mV,X,,546.426,mV,544.2617,mV,X
1612074,537.539,mV,539.7109,mV,X,,548.398,mV,546.2265,mV,X
1612075,539.473,mV,541.6523,mV,X,,550.371,mV,548.1914,mV,X
1612076,541.406,mV,543.5937,mV,X,,552.344,mV,550.1562,mV,X
1612077,543.34,mV,545.5351,mV,X,,554.316,mV,552.121,mV,X
1612078,545.273,mV,547.4765,mV,X,,556.289,mV,554.0859,mV,X
1612079,547.207,mV,549.4179,mV,X,,558.262,mV,556.0507,mV,X
1612080,549.141,mV,551.3593,mV,X,,560.234,mV,558.0156,mV,X
1612081,551.074,mV,553.3007,mV,X,,562.207,mV,559.9804,mV,X
1612082,553.008,mV,555.2421,mV,X,,564.18,mV,561.9453,mV,X
1612083,554.941,mV,557.1835,mV,X,,566.152,mV,563.9101,mV,X
1612084,556.875,mV,559.125,mV,X,,568.125,mV,565.875,mV,X
1612085,558.809,mV,561.0664,mV,X,,570.098,mV,567.8398,mV,X
1612086,560.742,mV,563.0078,mV,X,,572.07,mV,569.8046,mV,X
1612087,562.676,mV,564.9492,mV,X,,574.043,mV,571.7695,mV,X
1612088,564.609,mV,566.8906,mV,X,,576.016,mV,573.7343,mV,X
1612089,566.543,mV,568.832,mV,X,,577.988,mV,575.6992,mV,X
1612090,568.477,mV,570.7734,mV,X,,579.961,mV,577.664,mV,X
1612091,570.41,mV,572.7148,mV,X,,581.934,mV,579.6289,mV,X
1612092,572.344,mV,574.6562,mV,X,,583.906,mV,581.5937,mV,X
1612093,574.277,mV,576.5976,mV,X,,585.879,mV,583.5585,mV,X
1612094,576.211,mV,578.539,mV,X,,587.852,mV,585.5234,mV,X
1612095,578.145,mV,580.4804,mV,X,,589.824,mV,587.4882,mV,X
1612096,580.078,mV,582.4218,mV,X,,591.797,mV,589.4531,mV,X
1612097,582.012,mV,584.3632,mV,X,,593.77,mV,591.4179,mV,X
1612098,583.945,mV,586.3046,mV,X,,595.742,mV,593.3828,mV,X
1612099,585.879,mV,588.246,mV,X,,597.715,mV,595.3476,mV,X
1612100,587.812,mV,590.1875,mV,X,,599.688,mV,597.3125,mV,X
1612101,589.746,mV,592.1289,mV,X,,601.66,mV,599.2773,mV,X
1612102,591.68,mV,594.0703,mV,X,,603.633,mV,601.2421,mV,X
1612103,593.613,mV,596.0117,mV,X,,605.605,mV,603.207,mV,X
1612104,595.547,mV,595.5468,mV,,,607.578,mV,607.5781,mV,
1612105,597.48,mV,599.8945,mV,X,,609.551,mV,607.1367,mV,X
1612106,599.414,mV,601.8359,mV,X,,611.523,mV,609.1015,mV,X
1612107,601.348,mV,603.7773,mV,X,,613.496,mV,611.0664,mV,X
1612108,603.281,mV,605.7187,mV,X,,615.469,mV,613.0312,mV,X
1612109,605.215,mV,607.6601,mV,X,,617.441,mV,614.996,mV,X
1612110,607.148,mV,609.6015,mV,X,,619.414,mV,616.9609,mV,X
1612111,609.082,mV,611.5429,mV,X,,621.387,mV,618.9257,mV,X
1612112,611.016,mV,613.4843,mV,X,,623.359,mV,620.8906,mV,X
1612113,612.949,mV,615.4257,mV,X,,625.332,mV,622.8554,mV,X
1612114,614.883,mV,617.3671,mV,X,,627.305,mV,624.8203,mV,X
1612115,616.816,mV,619.3085,mV,X,,629.277,mV,626.7851,mV,X
1612116,618.75,mV,621.25,mV,X,,631.25,mV,628.75,mV,X
1612117,620.684,mV,623.1914,mV,X,,633.223,mV,630.7148,mV,X
1612118,622.617,mV,625.1328,mV,X,,635.195,mV,632.6796,mV,X
1612119,624.551,mV,627.0742,mV,X,,637.168,mV,634.6445,mV,X
1612120,626.484,mV,629.0156,mV,X,,639.141,mV,636.6093,mV,X
1612121,628.418,mV,630.957,mV,X,,641.113,mV,638.5742,mV,X
1612122,630.352,mV,632.8984,mV,X,,643.086,mV,640.539,mV,X
1612123,632.285,mV,634.8398,mV,X,,645.059,mV,642.5039,mV,X
1612124,634.219,mV,636.7812,mV,X,,647.031,mV,644.4687,mV,X
1612125,636.152,mV,638.7226,mV,X,,649.004,mV,646.4335,mV,X
1612126,638.086,mV,640.664,mV,X,,650.977,mV,648.3984,mV,X
1612127,640.02,mV,642.6054,mV,X,,652.949,mV,650.3632,mV,X
1612128,641.953,mV,644.5468,mV,X,,654.922,mV,652.3281,mV,X
1612129,643.887,mV,646.4882,mV,X,,656.895,mV,654.2929,mV,X
1612130,645.82,mV,648.4296,mV,X,,658.867,mV,656.2578,mV,X
1612131,647.754,mV,650.371,mV,X,,660.84,mV,658.2226,mV,X
1612132,649.688,mV,652.3125,mV,X,,662.812,mV,660.1875,mV,X
1612133,651.621,mV,654.2539,mV,X,,664.785,mV,662.1523,mV,X
1612134,653.555,mV,656.1953,mV,X,,666.758,mV,664.1171,mV,X
1612135,655.488,mV,658.1367,mV,X,,668.73,mV,666.082,mV,X
1612136,657.422,mV,660.0781,mV,X,,670.703,mV,668.0468,mV,X
1612137,659.355,mV,662.0195,mV,X,,672.676,mV,670.0117,mV,X
1612138,661.289,mV,663.9609,mV,X,,674.648,mV,671.9765,mV,X
1612139,663.223,mV,665.9023,mV,X,,676.621,mV,673.9414,mV,X
1612140,665.156,mV,667.8437,mV,X,,678.594,mV,675.9062,mV,X
1612141,667.09,mV,669.7851,mV,X,,680.566,mV,677.871,mV,X
1612142,669.023,mV,671.7265,mV,X,,682.539,mV,679.8359,mV,X
1612143,670.957,mV,673.6679,mV,X,,684.512,mV,681.8007,mV,X
1612144,672.891,mV,675.6093,mV,X,,686.484,mV,683.7656,mV,X
1612145,674.824,mV,677.5507,mV,X,,688.457,mV,685.7304,mV,X
1612146,676.758,mV,679.4921,mV,X,,690.43,mV,687.6953,mV,X
1612147,678.691,mV,681.4335,mV,X,,692.402,mV,689.6601,mV,X
1612148,680.625,mV,683.375,mV,X,,694.375,mV,691.625,mV,X
1612149,682.559,mV,685.3164,mV,X,,696.348,mV,693.5898,mV,X
1612150,684.492,mV,687.2578,mV,X,,698.32,mV,695.5546,mV,X
1612151,686.426,mV,689.1992,mV,X,,700.293,mV,697.5195,mV,X
1612152,688.359,mV,691.1406,mV,X,,702.266,mV,699.4843,mV,X
1612153,690.293,mV,693.082,mV,X,,704.238,mV,701.4492,mV,X
1612154,692.227,mV,695.0234,mV,X,,706.211,mV,703.414,mV,X
1612155,694.16,mV,696.9648,mV,X,,708.184,mV,705.3789,mV,X
1612156,696.094,mV,698.9062,mV,X,,710.156,mV,707.3437,mV,X
1612157,698.027,mV,700.8476,mV,X,,712.129,mV,709.3085,mV,X
1612158,699.961,mV,702.789,mV,X,,714.102,mV,711.2734,mV,X
1612159,701.895,mV,704.7304,mV,X,,716.074,mV,713.2382,mV,X
1612160,703.828,mV,706.6718,mV,X,,718.047,mV,715.2031,mV,X
1612161,705.762,mV,708.6132,mV,X,,720.02,mV,717.1679,mV,X
1612162,707.695,mV,710.5546,mV,X,,721.992,mV,719.1328,mV,X
1612163,709.629,mV,712.496,mV,X,,723.965,mV,721.0976,mV,X
1612164,711.563,mV,714.4375,mV,X,,725.937,mV,723.0625,mV,X
1612165,713.496,mV,716.3789,mV,X,,727.91,mV,725.0273,mV,X
1612166,715.43,mV,718.3203,mV,X,,729.883,mV,726.9921,mV,X
1612167,717.363,mV,720.2617,mV,X,,731.855,mV,728.957,mV,X
1612168,719.297,mV,722.2031,mV,X,,733.828,mV,730.9218,mV,X
1612169,721.23,mV,724.1445,mV,X,,735.801,mV,732.8867,mV,X
1612170,723.164,mV,726.0859,mV,X,,737.773,mV,734.8515,mV,X
1612171,725.098,mV,728.0273,mV,X,,739.746,mV,736.8164,mV,X
1612172,727.031,mV,729.9687,mV,X,,741.719,mV,738.7812,mV,X
1612173,728.965,mV,731.9101,mV,X,,743.691,mV,740.746,mV,X
1612174,730.898,mV,733.8515,mV,X,,745.664,mV,742.7109,mV,X
1612175,732.832,mV,735.7929,mV,X,,747.637,mV,744.6757,mV,X
1612176,734.766,mV,737.7343,mV,X,,749.609,mV,746.6406,mV,X
1612177,736.699,mV,739.6757,mV,X,,751.582,mV,748.6054,mV,X
1612178,738.633,mV,741.6171,mV,X,,753.555,mV,750.5703,mV,X
1612179,740.566,mV,743.5585,mV,X,,755.527,mV,752.5351,mV,X
1612180,742.5,mV,745.5,mV,X,,757.5,mV,754.5,mV,X
1612181,744.434,mV,747.4414,mV,X,,759.473,mV,756.4648,mV,X
1612182,746.367,mV,749.3828,mV,X,,761.445,mV,758.4296,mV,X
1612183,748.301,mV,751.3242,mV,X,,763.418,mV,760.3945,mV,X
1612184,750.234,mV,753.2656,mV,X,,765.391,mV,762.3593,mV,X
1612185,752.168,mV,755.207,mV,X,,767.363,mV,764.3242,mV,X
1612186,754.102,mV,757.1484,mV,X,,769.336,mV,766.289,mV,X
1612187,756.035,mV,759.0898,mV,X,,771.309,mV,768.2539,mV,X
1612188,757.969,mV,761.0312,mV,X,,773.281,mV,770.2187,mV,X
1612189,759.902,mV,762.9726,mV,X,,775.254,mV,772.1835,mV,X
1612190,761.836,mV,764.914,mV,X,,777.227,mV,774.1484,mV,X
1612191,763.77,mV,766.8554,mV,X,,779.199,mV,776.1132,mV,X
1612192,765.703,mV,768.7968,mV,X,,781.172,mV,778.0781,mV,X
1612193,767.637,mV,770.7382,mV,X,,783.145,mV,780.0429,mV,X
1612194,769.57,mV,772.6796,mV,X,,785.117,mV,782.0078,mV,X
1612195,771.504,mV,774.621,mV,X,,787.09,mV,783.9726,mV,X
1612196,773.438,mV,776.5625,mV,X,,789.062,mV,785.9375,mV,X
1612197,775.371,mV,778.5039,mV,X,,791.035,mV,787.9023,mV,X
1612198,777.305,mV,780.4453,mV,X,,793.008,mV,789.8671,mV,X
1612199,779.238,mV,782.3867,mV,X,,794.98,mV,791.832,mV,X
1612200,781.172,mV,784.3281,mV,X,,796.953,mV,793.7968,mV,X
1612201,783.105,mV,786.2695,mV,X,,798.926,mV,795.7617,mV,X
1612202,785.039,mV,788.2109,mV,X,,800.898,mV,797.7265,mV,X
1612203,786.973,mV,790.1523,mV,X,,802.871,mV,799.6914,mV,X
1612204,788.906,mV,792.0937,mV,X,,804.844,mV,801.6562,mV,X
1612205,790.84,mV,794.0351,mV,X,,806.816,mV,803.621,mV,X
1612206,792.773,mV,795.9765,mV,X,,808.789,mV,805.5859,mV,X
1611001,397.988,mV,397.9882,mV,,,402.793,mV,402.7929,mV,
1611002,446.523,mV,446.5234,mV,,,451.914,mV,451.914,mV,
1611003,497.0,mV,497.0,mV,,,503.0,mV,503.0,mV,
1611004,547.476,mV,547.4765,mV,,,554.086,mV,554.0859,mV,
1611005,596.012,mV,596.0117,mV,,,603.207,mV,603.207,mV,
1611006,595.547,mV,595.5468,mV,,,607.578,mV,607.5781,mV,
1611007,643.887,mV,643.8867,mV,,,656.895,mV,656.8945,mV,
1611008,692.227,mV,692.2265,mV,,,706.211,mV,706.2109,mV,
1611009,742.5,mV,742.5,mV,,,757.5,mV,757.5,mV,
1611010,790.84,mV,790.8398,mV,,,806.816,mV,806.8164,mV,
1607020,493.1,mV,493.1,mV,,,503.6,mV,503.6,mV,
1607021,-0.84,%,-0.84,%,,,1.348,%,1.348,%,
1607022,394.6,mV,394.6,mV,,,402.6,mV,402.6,mV,
1607023,-0.886,%,-0.886,%,,,1.4,%,1.4,%,
1607024,792.0,mV,792.0,mV,,,802.4,mV,802.4,mV,
1607025,-0.369,%,-0.369,%,,,1.222,%,1.222,%,
1607030,11.84,V,11.84,V,,,12.291,V,12.291,V,
1607040,2.23,V,2.23,V,,,2.37,V,2.37,V,
1607050,15.65,V,15.65,V,,,16.35,V,16.35,V,
1607051,15.15,V,15.15,V,,,15.85,V,15.85,V,
1607060,0.0,code,0.0,code,,,1.0,code,1.0,code,
1607061,0.0,code,0.0,code,,,255.0,code,255.0,code,
1607120,492.4,mV,492.4,mV,,,505.95,mV,505.95,mV,
1607122,392.7,mV,392.7,mV,,,406.8,mV,406.8,mV,
1607124,791.2,mV,791.2,mV,,,804.5,mV,804.5,mV,
1607130,11.837,V,11.837,V,,,12.293,V,12.293,V,
1607140,2.233,V,2.233,V,,,2.368,V,2.368,V,
1607150,15.924,V,15.924,V,,,16.038,V,16.038,V,
1607151,0.0,code,0.0,code,,,1.0,code,1.0,code,
1607152,0.0,code,0.0,code,,,255.0,code,255.0,code,
1205040,138.0,V/us,138.0,V/us,,,161.0,V/us,161.0,V/us,
1207040,44.0,%,44.0,%,,,56.0,%,56.0,%,
1260060,-371.0,mV,-371.0,mV,,,-270.0,mV,-270.0,mV,
1260070,-55.0,mV,-55.0,mV,,,58.0,mV,58.0,mV,
1230040,770.0,mV,805.0,mV,X,,817.1,mV,825.2,mV,X
1230041,17.0,Cel,28.0,Cel,X,,31.0,Cel,36.0,Cel,X
1230050,0.0,code,0.0,code,,,1.0,code,1.0,code,
1230051,0.0,code,0.0,code,,,255.0,code,255.0,code,
1230141,17.0,Cel,28.0,Cel,X,,31.0,Cel,36.0,Cel,X
1230150,0.0,code,0.0,code,,,1.0,code,1.0,code,
1230151,0.0,code,0.0,code,,,255.0,code,255.0,code,
1230160,-1.0,none,nan,nan,,,4.0,none,nan,nan,
1209075,-10.0,mV,-10.0,mV,,,10.0,mV,10.0,mV,
1209080,38.885,uA/A,38.885,uA/A,,,40.085,uA/A,40.085,uA/A,
1209090,-0.48,uA,-0.48,uA,,,0.48,uA,0.48,uA,
1213045,11.5,V,11.5,V,,,12.5,V,12.5,V,
1213050,26.4,uA/A,26.4,uA/A,,,27.12,uA/A,27.12,uA/A,
1214040,-0.48,uA,-0.48,uA,,,0.48,uA,0.48,uA,
1217200,11.5,V,11.5,V,,,12.5,V,12.5,V,
1217100,1068.0,mA,1099.0,mA,X,,1176.3,mA,1207.3,mA,X
1217210,872.0,mA,900.0,mA,X,,1072.0,mA,1100.0,mA,X
1217220,738.54,mA,761.54,mA,X,,907.77,mA,930.77,mA,X
1217230,604.08,mA,623.08,mA,X,,742.54,mA,761.54,mA,X
1219200,11.5,V,11.5,V,,,12.5,V,12.5,V,
1219110,1.444,A,1.426,A,X,,1.513,A,1.4945,A,X
1260080,11.5,V,11.5,V,,,12.5,V,12.5,V,
1260082,-1.0,mA,990.0,mA,X,,1.0,mA,1010.0,mA,X
1260083,0.0,mV,0.0,mV,,,200.0,mV,200.0,mV,
1260084,0.0,mV,0.0,mV,,,200.0,mV,200.0,mV,
1260085,-15.64,mV,-15.64,mV,,,15.64,mV,15.64,mV,
1260087,-1.17,A,-1.01,A,X,,-1.07,A,-0.99,A,X
1260088,200.0,mV,200.0,mV,,,800.0,mV,800.0,mV,
1260089,0.0,mV,0.0,mV,,,200.0,mV,200.0,mV,
1260090,211.14,mV,211.14,mV,,,258.06,mV,258.06,mV,
1260091,-1.546,A,-1.546,A,,,-1.446,A,-1.446,A,
1260092,230.0,mV,230.0,mV,,,770.0,mV,770.0,mV,
1260093,10.0,mV,10.0,mV,,,190.0,mV,190.0,mV,
1260094,289.34,mV,289.34,mV,,,336.26,mV,336.26,mV,
1260095,-10.0,mV,-10.0,mV,,,10.0,mV,10.0,mV,
1260097,-1.0,mA,-1.0,mA,,,1.0,mA,1.0,mA,
1260098,0.0,mV,0.0,mV,,,200.0,mV,200.0,mV,
1260099,0.0,mV,0.0,mV,,,200.0,mV,200.0,mV,
1260100,-15.64,mV,-15.64,mV,,,15.64,mV,15.64,mV,
1260102,-810.0,mA,-1010.0,mA,X,,-710.0,mA,-990.0,mA,X
1260103,200.0,mV,200.0,mV,,,800.0,mV,800.0,mV,
1260104,0.0,mV,0.0,mV,,,200.0,mV,200.0,mV,
1260105,211.14,mV,211.14,mV,,,258.06,mV,258.06,mV,
1260106,-1.063,A,-1.063,A,,,-0.963,A,-0.963,A,
1260107,230.0,mV,230.0,mV,,,770.0,mV,770.0,mV,
1260108,10.0,mV,10.0,mV,,,190.0,mV,190.0,mV,
1260109,289.34,mV,289.34,mV,,,336.26,mV,336.26,mV,
1551010,-100.0,nA,-100.0,nA,,,100.0,nA,100.0,nA,
1551020,-60.0,nA,-60.0,nA,,,600.0,nA,600.0,nA,
1551030,-100.0,nA,-100.0,nA,,,100.0,nA,100.0,nA,
1551040,-200.0,nA,-200.0,nA,,,500.0,nA,500.0,nA,
1503020,1.3,V,1.3,V,,,1.8,V,1.8,V,
1503010,0.0,mV,0.0,mV,,,200.0,mV,200.0,mV,
1503080,1.3,V,1.3,V,,,1.8,V,1.8,V,
1503070,0.0,mV,0.0,mV,,,200.0,mV,200.0,mV,
1503030,1.44,V,1.44,V,,,1.58,V,1.58,V,
1503090,1.48,V,1.48,V,,,1.64,V,1.64,V,
1503130,10.0,mV,10.0,mV,,,80.0,mV,80.0,mV,
1504010,-10.0,mV,-10.0,mV,,,10.0,mV,10.0,mV,
1504030,1.75,V,1.75,V,,,1.86,V,1.86,V,
1504130,1.71,V,1.71,V,,,1.835,V,1.835,V,
1505010,0.15,Ohm,0.15,Ohm,,,1.6,Ohm,1.6,Ohm,
1504150,-700.0,mV,-700.0,mV,,,700.0,mV,700.0,mV,
1504310,5.6,Ohm,5.6,Ohm,,,22.0,Ohm,22.0,Ohm,
1504320,4.0,Ohm,4.0,Ohm,,,22.0,Ohm,22.0,Ohm,
1504170,-1.5,mA,-1.5,mA,,,4.2,mA,4.2,mA,
1504190,-1.5,mA,-1.5,mA,,,8.22,mA,8.22,mA,
1504230,0.0,V,0.0,V,,,0.5,V,0.5,V,
1505520,1.3,V,1.3,V,,,1.8,V,1.8,V,
1505510,0.0,mV,0.0,mV,,,200.0,mV,200.0,mV,
1505580,1.3,V,1.3,V,,,1.8,V,1.8,V,
1505570,0.0,mV,0.0,mV,,,200.0,mV,200.0,mV,
1505530,1.65,V,1.65,V,,,2.24,V,2.24,V,
1505590,1.65,V,1.65,V,,,2.24,V,2.24,V,
1505630,-20.0,mV,-20.0,mV,,,20.0,mV,20.0,mV,
1506010,0.0,mV,0.0,mV,,,200.0,mV,200.0,mV,
1506020,1.4,V,1.4,V,,,1.7,V,1.7,V,
1506030,1.4,V,1.4,V,,,1.7,V,1.7,V,
1506040,0.0,mV,0.0,mV,,,200.0,mV,200.0,mV,
1506050,2.3,V,2.3,V,,,2.5,V,2.5,V,
1506060,2.4,V,2.4,V,,,2.6,V,2.6,V,
1506070,50.0,mV,50.0,mV,,,350.0,mV,350.0,mV,
1507010,0.0,mV,0.0,mV,,,200.0,mV,200.0,mV,
1507020,1.4,V,1.4,V,,,1.7,V,1.7,V,
1507030,1.4,V,1.4,V,,,1.7,V,1.7,V,
1507040,0.0,mV,0.0,mV,,,200.0,mV,200.0,mV,
1507050,1.59,V,1.59,V,,,1.64,V,1.64,V,
1507060,1.65,V,1.65,V,,,1.7,V,1.7,V,
1507070,49.6,mV,49.6,mV,,,57.6,mV,57.6,mV,
1507510,0.0,mV,0.0,mV,,,200.0,mV,200.0,mV,
1507520,1.4,V,1.4,V,,,1.7,V,1.7,V,
1507530,1.4,V,1.4,V,,,1.7,V,1.7,V,
1507540,0.0,mV,0.0,mV,,,200.0,mV,200.0,mV,
1507550,1.43,V,1.43,V,,,1.62,V,1.62,V,
1507560,1.55,V,1.55,V,,,1.709,V,1.709,V,
1507570,50.0,mV,50.0,mV,,,250.0,mV,250.0,mV,
1508010,1.4,V,1.4,V,,,1.7,V,1.7,V,
1508020,0.0,mV,0.0,mV,,,200.0,mV,200.0,mV,
1508030,0.0,mV,0.0,mV,,,200.0,mV,200.0,mV,
1508040,1.4,V,1.4,V,,,1.7,V,1.7,V,
1508050,2.16,V,2.16,V,,,2.29,V,2.29,V,
1508060,2.26,V,2.26,V,,,2.4,V,2.4,V,
1508070,50.0,mV,50.0,mV,,,150.0,mV,150.0,mV,
1509010,0.0,mV,0.0,mV,,,200.0,mV,200.0,mV,
1509020,1.4,V,1.4,V,,,1.7,V,1.7,V,
1509030,1.4,V,1.4,V,,,1.7,V,1.7,V,
1509040,0.0,mV,0.0,mV,,,200.0,mV,200.0,mV,
1509050,17.3,V,17.3,V,,,18.3,V,18.3,V,
1509060,16.8,V,16.8,V,,,17.8,V,17.8,V,
1509070,100.0,mV,100.0,mV,,,1000.0,mV,1000.0,mV,
1515010,0.0,mV,0.0,mV,,,200.0,mV,200.0,mV,
1515020,1.4,V,1.4,V,,,1.7,V,1.7,V,
1515030,0.0,mV,0.0,mV,,,200.0,mV,200.0,mV,
1515040,1.4,V,1.4,V,,,1.7,V,1.7,V,
1515050,0.8,V,0.8,V,,,0.9,V,0.9,V,
1515060,0.6,V,0.6,V,,,0.7,V,0.7,V,
1515070,100.0,mV,100.0,mV,,,300.0,mV,300.0,mV,
1542010,220.0,mV,220.0,mV,,,360.0,mV,360.0,mV,
1542030,140.0,mV,140.0,mV,,,400.0,mV,400.0,mV,
1542040,140.0,mV,140.0,mV,,,400.0,mV,400.0,mV,
1520000,11.5,V,11.5,V,,,12.5,V,12.5,V,
1520010,790.0,mA,790.0,mA,,,810.0,mA,810.0,mA,
1520030,0.0,mV,0.0,mV,,,20.0,mV,20.0,mV,
1520050,1.0,mOhm,1.0,mOhm,,,25.0,mOhm,25.0,mOhm,
1520070,3.3,mOhm,3.3,mOhm,,,31.0,mOhm,31.0,mOhm,
1520090,4.0,mOhm,4.0,mOhm,,,33.8,mOhm,33.8,mOhm,
1520110,29.0,mOhm,29.0,mOhm,,,142.0,mOhm,142.0,mOhm,
1521000,-10.0,mV,-10.0,mV,,,10.0,mV,10.0,mV,
1521010,2.0,mOhm,2.0,mOhm,,,15.0,mOhm,15.0,mOhm,
1521030,4.0,mOhm,4.0,mOhm,,,18.0,mOhm,18.0,mOhm,
1521050,4.0,mOhm,4.0,mOhm,,,20.0,mOhm,20.0,mOhm,
1521070,8.0,mOhm,8.0,mOhm,,,34.0,mOhm,34.0,mOhm,
1521090,4.0,mOhm,4.0,mOhm,,,16.0,mOhm,16.0,mOhm,
1521110,4.0,mOhm,4.0,mOhm,,,24.0,mOhm,24.0,mOhm,
1521130,4.0,mOhm,4.0,mOhm,,,18.0,mOhm,18.0,mOhm,
1521150,30.0,mOhm,30.0,mOhm,,,100.0,mOhm,100.0,mOhm,
1518010,1.4,V,1.4,V,,,1.7,V,1.7,V,
1518020,0.0,V,0.0,V,,,0.2,V,0.2,V,
1518030,1.4,V,1.4,V,,,1.7,V,1.7,V,
1518040,0.0,V,0.0,V,,,0.2,V,0.2,V,
1518050,550.0,mV,550.0,mV,,,580.0,mV,580.0,mV,
1518060,550.0,mV,550.0,mV,,,580.0,mV,580.0,mV,
1518070,-20.0,mV,-20.0,mV,,,20.0,mV,20.0,mV,
1519010,0.0,V,0.0,V,,,0.2,V,0.2,V,
1519020,1.4,V,1.4,V,,,1.7,V,1.7,V,
1519030,0.0,V,0.0,V,,,0.2,V,0.2,V,
1519040,1.4,V,1.4,V,,,1.7,V,1.7,V,
1519050,420.0,mV,420.0,mV,,,480.0,mV,480.0,mV,
1519060,420.0,mV,420.0,mV,,,450.0,mV,450.0,mV,
1519070,-20.0,mV,-20.0,mV,,,20.0,mV,20.0,mV,
1534010,30.0,ns,30.0,ns,,,100.0,ns,100.0,ns,
1534020,20.0,us,20.0,us,,,58.5,us,58.5,us,
1535010,3.46,us,3.46,us,,,9.6,us,9.6,us,
1535030,3.6,us,3.6,us,,,7.1,us,7.1,us,
1535050,40.0,us,40.0,us,,,95.0,us,95.0,us,
1539080,1.4,V,1.4,V,,,1.7,V,1.7,V,
1539090,0.0,mV,0.0,mV,,,200.0,mV,200.0,mV,
1539100,0.0,mV,0.0,mV,,,200.0,mV,200.0,mV,
1539110,1.4,V,1.4,V,,,1.7,V,1.7,V,
1539120,228.0,mV,228.0,mV,,,540.0,mV,540.0,mV,
1539130,177.0,mV,177.0,mV,,,486.0,mV,486.0,mV,
1539140,24.0,mV,24.0,mV,,,80.0,mV,80.0,mV,
1544010,1.77,V,1.77,V,,,1.83,V,1.83,V,
1544020,1.72,V,1.72,V,,,1.84,V,1.84,V,
1544030,1.77,V,1.77,V,,,1.83,V,1.83,V,
1544040,1.74,V,1.74,V,,,1.83,V,1.83,V,
1544042,1.77,V,1.77,V,,,1.83,V,1.83,V,
1544044,1.75,V,1.75,V,,,1.825,V,1.825,V,
1544046,1.77,V,1.77,V,,,1.83,V,1.83,V,
1544048,1.76,V,1.76,V,,,1.82,V,1.82,V,
1544050,1.77,V,1.77,V,,,1.83,V,1.83,V,
1544060,1.72,V,1.72,V,,,1.84,V,1.84,V,
1544090,1.77,V,1.77,V,,,1.83,V,1.83,V,
1544100,1.75,V,1.75,V,,,1.82,V,1.82,V,
1544130,85.0,mA,85.0,mA,,,322.0,mA,322.0,mA,
1544140,100.0,mA,100.0,mA,,,410.0,mA,410.0,mA,
1544150,6.96,mA,6.96,mA,,,54.0,mA,54.0,mA,
1544152,11.5,mA,11.5,mA,,,72.7,mA,72.7,mA,
1513010,450.0,KHz,450.0,kHz,,,550.0,KHz,550.0,kHz,
1513020,450.0,KHz,450.0,kHz,,,550.0,KHz,550.0,kHz,
1513030,450.0,KHz,450.0,kHz,,,550.0,KHz,550.0,kHz,
1513040,550.0,KHz,550.0,kHz,,,650.0,KHz,650.0,kHz,
1513070,700.0,KHz,700.0,kHz,,,800.0,KHz,800.0,kHz,
1513100,0.9,MHz,0.9,MHz,,,1.1,MHz,1.1,MHz,
1513130,1.1,MHz,1.1,MHz,,,1.3,MHz,1.3,MHz,
1513160,1.4,MHz,1.4,MHz,,,1.6,MHz,1.6,MHz,
1513190,1.85,MHz,1.85,MHz,,,2.15,MHz,2.15,MHz,
1513220,2.8,MHz,2.8,MHz,,,3.2,MHz,3.2,MHz,
1513500,3.6,us,3.6,us,,,4.4,us,4.4,us,
1540010,0.0,mV,0.0,mV,,,200.0,mV,200.0,mV,
1540020,1.4,V,1.4,V,,,1.7,V,1.7,V,
1540030,0.0,mV,0.0,mV,,,200.0,mV,200.0,mV,
1540040,1.4,V,1.4,V,,,1.7,V,1.7,V,
1540110,-1.8,V,-1.8,V,,,-1.6,V,-1.6,V,
1540120,-200.0,mV,-200.0,mV,,,0.0,mV,0.0,mV,
1540130,0.75,V,0.75,V,,,0.85,V,0.85,V,
1540140,0.75,V,0.75,V,,,0.85,V,0.85,V,
1540150,-0.01,V,-0.01,V,,,0.01,V,0.01,V,
1547010,20.0,mV,20.0,mV,,,220.0,mV,220.0,mV,
1548010,300.0,mV,300.0,mV,,,950.0,mV,950.0,mV,
1532000,-10.0,mV,-10.0,mV,,,10.0,mV,10.0,mV,
1532010,-790.0,mA,-790.0,mA,,,-526.67,mA,-526.67,mA,
1532020,-684.67,mA,-684.67,mA,,,-456.44,mA,-456.44,mA,
1532030,-579.33,mA,-579.33,mA,,,-386.22,mA,-386.22,mA,
1532040,-474.0,mA,-474.0,mA,,,-316.0,mA,-316.0,mA,
1552010,0.0,mV,0.0,mV,,,200.0,mV,200.0,mV,
1552020,1.4,V,1.4,V,,,1.9,V,1.9,V,
1552030,0.0,mV,0.0,mV,,,200.0,mV,200.0,mV,
1552040,1.4,V,1.4,V,,,1.9,V,1.9,V,
1552050,0.82,V,0.82,V,,,0.89,V,0.89,V,
1552060,0.76,V,0.76,V,,,0.86,V,0.86,V,
1552070,32.0,mV,32.0,mV,,,57.0,mV,57.0,mV,
1538010,21.0,mA,21.0,mA,,,50.0,mA,50.0,mA,
1538011,19.0,mA,19.0,mA,,,45.0,mA,45.0,mA,
1538012,16.0,mA,16.0,mA,,,40.0,mA,40.0,mA,
1538013,12.0,mA,12.0,mA,,,30.0,mA,30.0,mA,
1538020,-16.0,mA,-16.0,mA,,,-3.0,mA,-3.0,mA,
1545010,95.0,KHz,95.0,kHz,,,105.0,KHz,105.0,kHz,
2554010,390.0,uA,390.0,uA,,,410.0,uA,410.0,uA,
2554012,390.0,uA,390.0,uA,,,410.0,uA,410.0,uA,
2554020,0.69,KOhm,0.69,kOhm,,,1.62,KOhm,1.62,kOhm,
1537210,0.0,none,0.0,one,,,0.0,none,0.0,one,
1537220,1.0,none,1.0,one,,,1.0,none,1.0,one,
1537230,2.0,none,2.0,one,,,2.0,none,2.0,one,
1537240,3.0,none,3.0,one,,,3.0,none,3.0,one,
1537250,4.0,none,4.0,one,,,4.0,none,4.0,one,
1537260,5.0,none,5.0,one,,,5.0,none,5.0,one,
1537270,6.0,none,6.0,one,,,6.0,none,6.0,one,
1537280,7.0,none,7.0,one,,,7.0,none,7.0,one,
1537290,8.0,none,8.0,one,,,8.0,none,8.0,one,
1537300,9.0,none,9.0,one,,,9.0,none,9.0,one,
1537310,10.0,none,10.0,one,,,10.0,none,10.0,one,
1537320,11.0,none,11.0,one,,,11.0,none,11.0,one,
1537330,12.0,none,12.0,one,,,12.0,none,12.0,one,
1537340,13.0,none,13.0,one,,,13.0,none,13.0,one,
1537350,14.0,none,14.0,one,,,14.0,none,14.0,one,
1537360,15.0,none,15.0,one,,,15.0,none,15.0,one,
1537361,31.0,none,31.0,one,,,31.0,none,31.0,one,
1537010,0.057,V,0.057,V,,,0.071,V,0.071,V,
1537020,0.096,V,0.096,V,,,0.11,V,0.11,V,
1537030,0.14,V,0.14,V,,,0.154,V,0.154,V,
1537040,0.189,V,0.189,V,,,0.202,V,0.202,V,
1537050,0.233,V,0.233,V,,,0.245,V,0.2454,V,
1537060,0.276,V,0.276,V,,,0.289,V,0.289,V,
1537070,0.33,V,0.33,V,,,0.343,V,0.343,V,
1537080,0.388,V,0.3883,V,,,0.401,V,0.40088,V,
1537090,0.447,V,0.4465,V,,,0.46,V,0.4596,V,
1537100,0.513,V,0.513,V,,,0.53,V,0.53,V,
1537110,0.596,V,0.596,V,,,0.613,V,0.613,V,
1537120,0.687,V,0.687,V,,,0.706,V,0.706,V,
1537130,0.793,V,0.793,V,,,0.813,V,0.813,V,
1537140,0.919,V,0.919,V,,,0.942,V,0.942,V,
1537150,1.061,V,1.061,V,,,1.085,V,1.085,V,
1537160,1.234,V,1.234,V,,,1.257,V,1.257,V,
1537011,0.057,V,0.057,V,,,0.071,V,0.071,V,
1537021,0.096,V,0.096,V,,,0.11,V,0.11,V,
1537031,0.14,V,0.14,V,,,0.154,V,0.154,V,
1537041,0.189,V,0.189,V,,,0.202,V,0.202,V,
1537051,0.233,V,0.233,V,,,0.245,V,0.2454,V,
1537061,0.276,V,0.276,V,,,0.289,V,0.289,V,
1537071,0.33,V,0.33,V,,,0.343,V,0.343,V,
1537081,0.388,V,0.3883,V,,,0.401,V,0.40088,V,
1537091,0.447,V,0.4465,V,,,0.46,V,0.4596,V,
1537101,0.513,V,0.513,V,,,0.53,V,0.53,V,
1537111,0.596,V,0.596,V,,,0.613,V,0.613,V,
1537121,0.687,V,0.687,V,,,0.706,V,0.706,V,
1537131,0.793,V,0.793,V,,,0.813,V,0.813,V,
1537141,0.919,V,0.919,V,,,0.942,V,0.942,V,
1537151,1.061,V,1.061,V,,,1.085,V,1.085,V,
1537161,1.234,V,1.234,V,,,1.257,V,1.257,V,
1537362,0.0,none,0.0,one,,,0.0,none,0.0,one,
1537363,1.0,none,1.0,one,,,1.0,none,1.0,one,
1537364,2.0,none,2.0,one,,,2.0,none,2.0,one,
1537365,3.0,none,3.0,one,,,3.0,none,3.0,one,
1537366,4.0,none,4.0,one,,,4.0,none,4.0,one,
1537367,5.0,none,5.0,one,,,5.0,none,5.0,one,
1537368,6.0,none,6.0,one,,,6.0,none,6.0,one,
1537369,7.0,none,7.0,one,,,7.0,none,7.0,one,
1537370,8.0,none,8.0,one,,,8.0,none,8.0,one,
1537371,9.0,none,9.0,one,,,9.0,none,9.0,one,
1537372,10.0,none,10.0,one,,,10.0,none,10.0,one,
1537373,11.0,none,11.0,one,,,11.0,none,11.0,one,
1537374,12.0,none,12.0,one,,,12.0,none,12.0,one,
1537375,13.0,none,13.0,one,,,13.0,none,13.0,one,
1537376,14.0,none,14.0,one,,,14.0,none,14.0,one,
1537377,15.0,none,15.0,one,,,15.0,none,15.0,one,
1537378,31.0,none,31.0,one,,,31.0,none,31.0,one,
1537163,0.057,V,0.057,V,,,0.071,V,0.071,V,
1537164,0.096,V,0.096,V,,,0.11,V,0.11,V,
1537165,0.14,V,0.14,V,,,0.154,V,0.154,V,
1537166,0.189,V,0.189,V,,,0.202,V,0.202,V,
1537167,0.233,V,0.233,V,,,0.245,V,0.2454,V,
1537168,0.276,V,0.276,V,,,0.289,V,0.289,V,
1537169,0.33,V,0.33,V,,,0.343,V,0.343,V,
1537170,0.388,V,0.3883,V,,,0.401,V,0.401,V,
1537171,0.447,V,0.4465,V,,,0.46,V,0.46,V,
1537172,0.513,V,0.513,V,,,0.53,V,0.53,V,
1537173,0.596,V,0.596,V,,,0.613,V,0.613,V,
1537174,0.687,V,0.687,V,,,0.706,V,0.706,V,
1537175,0.793,V,0.793,V,,,0.813,V,0.813,V,
1537176,0.919,V,0.919,V,,,0.942,V,0.942,V,
1537177,1.061,V,1.061,V,,,1.085,V,1.085,V,
1537178,1.234,V,1.234,V,,,1.257,V,1.257,V,
1537180,0.057,V,0.057,V,,,0.071,V,0.071,V,
1537181,0.096,V,0.096,V,,,0.11,V,0.11,V,
1537182,0.14,V,0.14,V,,,0.154,V,0.154,V,
1537183,0.189,V,0.189,V,,,0.202,V,0.202,V,
1537184,0.233,V,0.233,V,,,0.245,V,0.2454,V,
1537185,0.276,V,0.276,V,,,0.289,V,0.289,V,
1537186,0.33,V,0.33,V,,,0.343,V,0.343,V,
1537187,0.388,V,0.3883,V,,,0.401,V,0.401,V,
1537188,0.447,V,0.4465,V,,,0.46,V,0.46,V,
1537189,0.513,V,0.513,V,,,0.53,V,0.53,V,
1537190,0.596,V,0.596,V,,,0.613,V,0.613,V,
1537191,0.687,V,0.687,V,,,0.706,V,0.706,V,
1537192,0.793,V,0.793,V,,,0.813,V,0.813,V,
1537193,0.919,V,0.919,V,,,0.942,V,0.942,V,
1537194,1.061,V,1.061,V,,,1.085,V,1.085,V,
1537195,1.233,V,1.233,V,,,1.257,V,1.257,V,
1516010,0.0,mV,0.0,mV,,,200.0,mV,200.0,mV,
1516020,1.4,V,1.4,V,,,1.7,V,1.7,V,
1516030,0.0,mV,0.0,mV,,,200.0,mV,200.0,mV,
1516040,1.4,V,1.4,V,,,1.7,V,1.7,V,
1516080,0.0,mV,0.0,mV,,,200.0,mV,200.0,mV,
1516090,1.4,V,1.4,V,,,1.7,V,1.7,V,
1516100,0.0,mV,0.0,mV,,,200.0,mV,200.0,mV,
1516110,1.4,V,1.4,V,,,1.7,V,1.7,V,
1516050,0.8,V,0.8,V,,,1.45,V,1.45,V,
1516060,0.8,V,0.8,V,,,1.24,V,1.24,V,
1516070,60.0,mV,60.0,mV,,,210.0,mV,210.0,mV,
1516120,0.8,V,0.8,V,,,1.45,V,1.45,V,
1516130,0.8,V,0.8,V,,,1.24,V,1.24,V,
1516140,60.0,mV,60.0,mV,,,210.0,mV,210.0,mV,
1516210,160.0,mV,160.0,mV,,,290.0,mV,290.0,mV,
1516250,0.0,mV,0.0,mV,,,800.0,mV,800.0,mV,
1516220,0.0,code,0.0,code,,,0.0,code,0.0,code,
1701000,0.0,code,0.0,code,,,1.0,code,1.0,code,
1701001,0.0,code,0.0,code,,,255.0,code,255.0,code,
1701010,-128.0,code,-128.0,code,,,128.0,code,128.0,code,
1701020,-200.0,mV,-200.0,mV,,,16200.001,mV,16200.0,mV,
1701030,-5.0,Cel,-5.0,Cel,,,5.0,Cel,5.0,Cel,
1701510,-128.0,code,-128.0,code,,,128.0,code,128.0,code,
1701520,-200.0,mV,-200.0,mV,,,16200.001,mV,16200.0,mV,
1701530,-5.0,Cel,-5.0,Cel,,,5.0,Cel,5.0,Cel,
1702000,-5.0,mV,-5.0,mV,,,5.0,mV,5.0,mV,
1702010,-128.0,code,-128.0,code,,,128.0,code,128.0,code,
1702020,-200.0,mV,-200.0,mV,,,16200.001,mV,16200.0,mV,
1702030,-5.0,Cel,-5.0,Cel,,,5.0,Cel,5.0,Cel,
1702510,-128.0,code,-128.0,code,,,128.0,code,128.0,code,
1702520,-200.0,mV,-200.0,mV,,,16200.001,mV,16200.0,mV,
1702530,-5.0,Cel,-5.0,Cel,,,5.0,Cel,5.0,Cel,
1703000,1.195,V,1.195,V,,,1.205,V,1.205,V,
1703010,-8192.0,code,-8192.0,code,,,8192.0,code,8192.0,code,
1703020,14.86,V,14.86,V,,,15.86,V,15.86,V,
1703030,164.0,Cel,164.0,Cel,,,174.0,Cel,174.0,Cel,
1703510,-8192.0,code,-8192.0,code,,,8192.0,code,8192.0,code,
1703520,14.86,V,14.86,V,,,15.86,V,15.86,V,
1703530,164.0,Cel,164.0,A,X,,174.0,Cel,174.0,A,X
1711000,0.0,code,0.0,code,,,1.0,code,1.0,code,
1711001,0.0,code,0.0,code,,,255.0,code,255.0,code,
1711010,-128.0,code,-128.0,code,,,128.0,code,128.0,code,
1711020,-200.0,mV,-200.0,mV,,,16200.001,mV,16200.0,mV,
1711030,-5.0,Cel,-5.0,Cel,,,5.0,Cel,5.0,Cel,
1711510,-128.0,code,-128.0,code,,,128.0,code,128.0,code,
1711520,-200.0,mV,-200.0,mV,,,16200.001,mV,16200.0,mV,
1711530,-5.0,Cel,-5.0,Cel,,,5.0,Cel,5.0,Cel,
1712000,-5.0,mV,-5.0,mV,,,5.0,mV,5.0,mV,
1712010,-128.0,code,-128.0,code,,,128.0,code,128.0,code,
1712020,-200.0,mV,-200.0,mV,,,16200.001,mV,16200.0,mV,
1712030,-5.0,Cel,-5.0,Cel,,,5.0,Cel,5.0,Cel,
1712510,-128.0,code,-128.0,code,,,128.0,code,128.0,code,
1712520,-200.0,mV,-200.0,mV,,,16200.001,mV,16200.0,mV,
1712530,-5.0,Cel,-5.0,Cel,,,5.0,Cel,5.0,Cel,
1713000,1.195,V,1.195,V,,,1.205,V,1.205,V,
1713010,-8192.0,code,-8192.0,code,,,8192.0,code,8192.0,code,
1713020,14.86,V,14.86,V,,,15.86,V,15.86,V,
1713030,164.0,Cel,164.0,Cel,,,174.0,Cel,174.0,Cel,
1713510,-8192.0,code,-8192.0,code,,,8192.0,code,8192.0,code,
1713520,14.86,V,14.86,V,,,15.86,V,15.86,V,
1713530,164.0,Cel,164.0,Cel,,,174.0,Cel,174.0,Cel,
1721000,0.0,code,0.0,code,,,1.0,code,1.0,code,
1721001,0.0,code,0.0,code,,,255.0,code,255.0,code,
1721010,-128.0,code,-128.0,code,,,128.0,code,128.0,code,
1721020,-60000.0,mV,-60000.0,mV,,,60000.0,mV,60000.0,mV,
1721030,-5.0,Cel,-5.0,Cel,,,5.0,Cel,5.0,Cel,
1721510,-128.0,code,-128.0,code,,,128.0,code,128.0,code,
1721520,-60000.0,mV,-60000.0,mV,,,60000.0,mV,60000.0,mV,
1721530,-5.0,Cel,-5.0,Cel,,,5.0,Cel,5.0,Cel,
1722000,-5.0,mV,-5.0,mV,,,5.0,mV,5.0,mV,
1722010,-128.0,code,-128.0,code,,,128.0,code,128.0,code,
1722020,-60000.0,mV,-60000.0,mV,,,60000.0,mV,60000.0,mV,
1722030,-5.0,Cel,-5.0,Cel,,,5.0,Cel,5.0,Cel,
1722510,-128.0,code,-128.0,code,,,128.0,code,128.0,code,
1722520,-60000.0,mV,-60000.0,mV,,,60000.0,mV,60000.0,mV,
1722530,-5.0,Cel,-5.0,Cel,,,5.0,Cel,5.0,Cel,
1723000,1.195,V,1.195,V,,,1.205,V,1.205,V,
1723010,-8192.0,code,-8192.0,code,,,8192.0,code,8192.0,code,
1723020,14.86,V,14.86,V,,,15.86,V,15.86,V,
1723030,164.0,Cel,164.0,Cel,,,174.0,Cel,174.0,Cel,
1723510,-8192.0,code,-8192.0,code,,,8192.0,code,8192.0,code,
1723520,14.86,V,14.86,V,,,15.86,V,15.86,V,
1723530,164.0,Cel,164.0,Cel,,,174.0,Cel,174.0,Cel,
1607011,-0.847,A,-0.847,A,,,1.0,A,1.0,A,
1607013,-1.0,A,-1.0,A,,,1.35,A,1.35,A,
1607012,12.77,A,12.77,A,,,16.95,A,16.95,A,
1607014,13.14,A,13.14,A,,,17.01,A,17.01,A,
1607015,17.67,A,17.67,A,,,22.04,A,22.04,A,
1607016,18.16,A,18.16,A,,,22.09,A,22.09,A,
1607111,-0.348,A,-0.348,A,,,0.385,A,0.385,A,
1607113,-0.694,A,-0.694,A,,,0.908,A,0.908,A,
1607112,13.768,A,13.768,A,,,16.045,A,16.045,A,
1607114,14.165,A,14.165,A,,,16.095,A,16.095,A,
1607115,18.63,A,18.63,A,,,21.15,A,21.15,A,
1607116,19.12,A,19.12,A,,,21.142,A,21.142,A,
1042010,-375.842,mV,-375.8424,mV,,,-149.641,mV,-149.6407,mV,
1042030,-16.038,uA,-16.03828,uA,,,-1.892,uA,-1.891781,uA,
1042035,1.313,mA,1.313184,mA,,,2.564,mA,2.563898,mA,
1042040,-81.605,nA,-81.60538,nA,,,985.568,nA,985.5683,nA,
1042041,-57.949,nA,-57.94868,nA,,,629.027,nA,629.0274,nA,
1042042,44.731,nA,44.73081,nA,,,3341.766,nA,3341.766,nA,
1042045,0.262,uA,0.2623574,uA,,,34.219,uA,34.21909,uA,
1042050,-0.012,uA,-0.0119009,uA,,,0.281,uA,0.2813963,uA,
1042060,-120.0,nA,-78.46606,nA,X,,799.569,nA,799.5689,nA,
1042070,-39.492,nA,-39.4917,nA,,,12.0,nA,1.272,nA,X
1042080,-262.683,nA,-262.6828,nA,,,140.93,nA,140.9295,nA,
1042090,-0.019,uA,-0.01941325,uA,,,0.563,uA,0.5630388,uA,
1042110,-50.0,mV,-50.0,mV,,,50.0,mV,50.0,mV,
1042130,-9.316,uA,-9.316317,uA,,,-4.512,uA,-4.512478,uA,
1042135,1.313,mA,1.313096,mA,,,2.564,mA,2.563798,mA,
1042140,-0.035,uA,-0.03517401,uA,,,0.625,uA,0.6250774,uA,
1042141,-0.021,uA,-0.02063515,uA,,,0.303,uA,0.303159,uA,
1042142,-7.612,uA,-7.612062,uA,,,84.997,uA,84.99745,uA,
1042145,0.261,uA,0.2608731,uA,,,34.187,uA,34.18696,uA,
1042150,-13.422,nA,-13.42161,nA,,,253.412,nA,253.412,nA,
1042160,-48.685,nA,-48.68519,nA,,,647.069,nA,647.0691,nA,
1042170,-0.039,uA,-0.03865,uA,,,-0.002,uA,-0.002067987,uA,
1042210,11.98,V,11.98,V,,,12.01,V,12.01,V,
1042230,-16.039,uA,-16.03926,uA,,,-1.892,uA,-1.89215,uA,
1042235,1.1,mA,1.099961,mA,,,2.808,mA,2.808101,mA,
1042240,-0.059,uA,-0.05931502,uA,,,0.699,uA,0.6988803,uA,
1042241,-0.058,uA,-0.05826548,uA,,,0.607,uA,0.6071145,uA,
1042242,-0.075,uA,-0.07535198,uA,,,2.782,uA,2.781808,uA,
1042245,0.235,uA,0.2351592,uA,,,35.11,uA,35.11031,uA,
1042250,-0.057,uA,-0.05725062,uA,,,0.774,uA,0.7742968,uA,
1042260,43.116,nA,43.11575,nA,,,874.63,nA,874.6301,nA,
1042270,-20.249,nA,-20.24937,nA,,,12.0,nA,-4.717664,nA,X
1042280,-8.667,uA,-8.667348,uA,,,46.261,uA,46.26078,uA,
4001010,-524.593,mV,-524.5932,mV,,,0.1,mV,0.1,mV,
4001050,-932.261,mV,-932.2607,mV,,,0.1,mV,0.1,mV,
4001020,-846.502,mV,-846.5018,mV,,,0.1,mV,0.1,mV,
4001170,-657.115,mV,-657.1147,mV,,,0.1,mV,0.1,mV,
4001030,-483.915,mV,-483.9147,mV,,,0.1,mV,0.1,mV,
4001110,-480.817,mV,-480.817,mV,,,0.1,mV,0.1,mV,
4001140,-736.78,mV,-736.7801,mV,,,0.1,mV,0.1,mV,
4001130,-830.596,mV,-830.5961,mV,,,0.1,mV,0.1,mV,
4001150,-617.234,mV,-617.234,mV,,,0.1,mV,0.1,mV,
4001160,-923.944,mV,-923.9445,mV,,,0.1,mV,0.1,mV,
4001090,-410.566,mV,-410.5662,mV,,,0.1,mV,0.1,mV,
4001070,-367.818,mV,-367.8177,mV,,,0.1,mV,0.1,mV,
4001190,-0.1,mV,-0.1,mV,,,539.742,mV,539.7418,mV,
4001210,-0.1,mV,-0.1,mV,,,729.629,mV,729.6294,mV,
4001220,-0.1,mV,-0.1,mV,,,738.256,mV,738.2561,mV,
4001230,1233.887,mV,1233.887,mV,,,2911.423,mV,2911.423,mV,
4001490,1226.717,mV,1226.717,mV,,,2895.322,mV,2895.322,mV,
4001500,-0.1,mV,-0.1,mV,,,1009.663,mV,1009.663,mV,
4001510,-0.1,mV,-0.1,mV,,,896.366,mV,896.3657,mV,
4001101,-801.95,mV,-801.9504,mV,,,0.1,mV,0.1,mV,
4001031,-804.664,mV,-804.6645,mV,,,0.1,mV,0.1,mV,
4001240,-524.779,mV,-524.7794,mV,,,-215.126,mV,-215.1265,mV,
4001280,-932.718,mV,-932.7175,mV,,,-385.219,mV,-385.2188,mV,
4001250,-845.198,mV,-845.1982,mV,,,-303.356,mV,-303.3563,mV,
4001400,-656.213,mV,-656.2128,mV,,,-216.603,mV,-216.6028,mV,
4001260,-484.284,mV,-484.284,mV,,,-196.863,mV,-196.8634,mV,
4001340,-478.439,mV,-478.4388,mV,,,-172.928,mV,-172.928,mV,
4001370,-736.745,mV,-736.7451,mV,,,-294.893,mV,-294.8932,mV,
4001360,-828.389,mV,-828.3887,mV,,,-343.552,mV,-343.5516,mV,
4001380,-615.739,mV,-615.7385,mV,,,-197.443,mV,-197.4433,mV,
4001390,-925.495,mV,-925.495,mV,,,-389.716,mV,-389.7156,mV,
4001320,-412.894,mV,-412.894,mV,,,-132.375,mV,-132.3754,mV,
4001300,-368.707,mV,-368.707,mV,,,-143.691,mV,-143.6912,mV,
4001420,203.713,mV,203.7129,mV,,,538.642,mV,538.6416,mV,
4001440,283.907,mV,283.9066,mV,,,728.867,mV,728.8666,mV,
4001450,286.636,mV,286.6358,mV,,,736.539,mV,736.5395,mV,
4001460,1233.921,mV,1233.921,mV,,,2911.301,mV,2911.301,mV,
4001540,1226.983,mV,1226.983,mV,,,2895.457,mV,2895.457,mV,
4001550,426.376,mV,426.3755,mV,,,1011.372,mV,1011.372,mV,
4001560,378.184,mV,378.1835,mV,,,898.848,mV,898.848,mV,
4001601,-802.646,mV,-802.6461,mV,,,-334.006,mV,-334.0056,mV,
4001531,-802.501,mV,-802.5006,mV,,,-337.079,mV,-337.0785,mV,
4001570,-7.0,mV,-7.0,mV,,,7.0,mV,7.0,mV,
4001580,9.8,mA,9.8,mA,,,10.2,mA,10.2,mA,
4001610,-600.0,mV,-600.0,mV,,,-100.0,mV,-100.0,mV,
4001620,-600.0,mV,-600.0,mV,,,-100.0,mV,-100.0,mV,
4001630,-7.0,mV,-7.0,mV,,,7.0,mV,7.0,mV,
4001640,-600.0,mV,-600.0,mV,,,-100.0,mV,-100.0,mV,
4001650,-600.0,mV,-600.0,mV,,,-100.0,mV,-100.0,mV,
4001660,-600.0,mV,-600.0,mV,,,-100.0,mV,-100.0,mV,
4001720,-529.518,mV,-529.5177,mV,,,0.1,mV,0.1,mV,
4001730,-0.1,mV,-0.1,mV,,,394.695,mV,394.6951,mV,
4001750,-527.639,mV,-527.6391,mV,,,-198.661,mV,-198.6611,mV,
4001760,155.412,mV,155.4118,mV,,,392.159,mV,392.1587,mV,
4003246,0.0,mV,0.0,mV,,,400.0,mV,400.0,mV,
4003247,0.0,none,0.0,one,,,0.0,none,0.0,one,
